{"errors":[],"warnings":[],"namedChunkGroups":{"app":{"chunks":[8,2],"assets":["webpack-runtime-4dd75da7cbf1d846d913.js","webpack-runtime-4dd75da7cbf1d846d913.js.map","app-0525255082079bc1f4d9.js","app-0525255082079bc1f4d9.js.map"],"children":{},"childAssets":{}},"component---node-modules-gatsby-plugin-offline-app-shell-js":{"chunks":[3],"assets":["component---node-modules-gatsby-plugin-offline-app-shell-js-9538d068e15af3827374.js","component---node-modules-gatsby-plugin-offline-app-shell-js-9538d068e15af3827374.js.map"],"children":{},"childAssets":{}},"component---src-pages-404-js":{"chunks":[0,1,4],"assets":["0-d63ba275e4c3f5c2b952.js","0-d63ba275e4c3f5c2b952.js.map","1.16906a545921337315e9.css","1-39167fc1d0ac4e099403.js","1-39167fc1d0ac4e099403.js.map","component---src-pages-404-js-9b25c36bf184eebae1df.js","component---src-pages-404-js-9b25c36bf184eebae1df.js.map"],"children":{},"childAssets":{}},"component---src-pages-index-js":{"chunks":[0,1,5],"assets":["0-d63ba275e4c3f5c2b952.js","0-d63ba275e4c3f5c2b952.js.map","1.16906a545921337315e9.css","1-39167fc1d0ac4e099403.js","1-39167fc1d0ac4e099403.js.map","component---src-pages-index-js-9188387f0daf6ac7a1c3.js","component---src-pages-index-js-9188387f0daf6ac7a1c3.js.map"],"children":{},"childAssets":{}},"component---src-pages-page-2-js":{"chunks":[0,1,6],"assets":["0-d63ba275e4c3f5c2b952.js","0-d63ba275e4c3f5c2b952.js.map","1.16906a545921337315e9.css","1-39167fc1d0ac4e099403.js","1-39167fc1d0ac4e099403.js.map","component---src-pages-page-2-js-a9ce362ac8e193760548.js","component---src-pages-page-2-js-a9ce362ac8e193760548.js.map"],"children":{},"childAssets":{}}},"assetsByChunkName":{"app":["webpack-runtime-4dd75da7cbf1d846d913.js","app-0525255082079bc1f4d9.js"],"component---node-modules-gatsby-plugin-offline-app-shell-js":["component---node-modules-gatsby-plugin-offline-app-shell-js-9538d068e15af3827374.js"],"component---src-pages-404-js":["0-d63ba275e4c3f5c2b952.js","1.16906a545921337315e9.css","1-39167fc1d0ac4e099403.js","component---src-pages-404-js-9b25c36bf184eebae1df.js"],"component---src-pages-index-js":["0-d63ba275e4c3f5c2b952.js","1.16906a545921337315e9.css","1-39167fc1d0ac4e099403.js","component---src-pages-index-js-9188387f0daf6ac7a1c3.js"],"component---src-pages-page-2-js":["0-d63ba275e4c3f5c2b952.js","1.16906a545921337315e9.css","1-39167fc1d0ac4e099403.js","component---src-pages-page-2-js-a9ce362ac8e193760548.js"]}}