{"errors":[],"warnings":[],"namedChunkGroups":{"app":{"chunks":[8,2],"assets":["webpack-runtime-b0bb4a7fe018d47531fd.js","webpack-runtime-b0bb4a7fe018d47531fd.js.map","app-a46eecc63dcb270d8860.js","app-a46eecc63dcb270d8860.js.map"],"children":{},"childAssets":{}},"component---node-modules-gatsby-plugin-offline-app-shell-js":{"chunks":[3],"assets":["component---node-modules-gatsby-plugin-offline-app-shell-js-9538d068e15af3827374.js","component---node-modules-gatsby-plugin-offline-app-shell-js-9538d068e15af3827374.js.map"],"children":{},"childAssets":{}},"component---src-pages-404-js":{"chunks":[0,1,4],"assets":["0-a53fcd27223dad0719cc.js","0-a53fcd27223dad0719cc.js.map","1.775718fe887614d33bb8.css","1-42c5134693ea5777a12f.js","1-42c5134693ea5777a12f.js.map","component---src-pages-404-js-9b25c36bf184eebae1df.js","component---src-pages-404-js-9b25c36bf184eebae1df.js.map"],"children":{},"childAssets":{}},"component---src-pages-index-js":{"chunks":[0,1,5],"assets":["0-a53fcd27223dad0719cc.js","0-a53fcd27223dad0719cc.js.map","1.775718fe887614d33bb8.css","1-42c5134693ea5777a12f.js","1-42c5134693ea5777a12f.js.map","component---src-pages-index-js-956a826699a8bdf68230.js","component---src-pages-index-js-956a826699a8bdf68230.js.map"],"children":{},"childAssets":{}},"component---src-pages-page-2-js":{"chunks":[0,1,6],"assets":["0-a53fcd27223dad0719cc.js","0-a53fcd27223dad0719cc.js.map","1.775718fe887614d33bb8.css","1-42c5134693ea5777a12f.js","1-42c5134693ea5777a12f.js.map","component---src-pages-page-2-js-a9ce362ac8e193760548.js","component---src-pages-page-2-js-a9ce362ac8e193760548.js.map"],"children":{},"childAssets":{}}},"assetsByChunkName":{"app":["webpack-runtime-b0bb4a7fe018d47531fd.js","app-a46eecc63dcb270d8860.js"],"component---node-modules-gatsby-plugin-offline-app-shell-js":["component---node-modules-gatsby-plugin-offline-app-shell-js-9538d068e15af3827374.js"],"component---src-pages-404-js":["0-a53fcd27223dad0719cc.js","1.775718fe887614d33bb8.css","1-42c5134693ea5777a12f.js","component---src-pages-404-js-9b25c36bf184eebae1df.js"],"component---src-pages-index-js":["0-a53fcd27223dad0719cc.js","1.775718fe887614d33bb8.css","1-42c5134693ea5777a12f.js","component---src-pages-index-js-956a826699a8bdf68230.js"],"component---src-pages-page-2-js":["0-a53fcd27223dad0719cc.js","1.775718fe887614d33bb8.css","1-42c5134693ea5777a12f.js","component---src-pages-page-2-js-a9ce362ac8e193760548.js"]}}